order,seasonal_order,MSE
"(0, 0, 0)","(0, 0, 0, 0)",2233625967.5384974
"(0, 0, 0)","(0, 0, 0, 3)",2233625967.5384974
"(0, 0, 0)","(0, 0, 0, 6)",2233625967.5384974
"(0, 0, 0)","(0, 0, 0, 12)",2233625967.5384974
"(0, 0, 0)","(0, 0, 1, 6)",2698220248.4283586
