order,seasonal_order,MSE
"(4, 0, 3)","(1, 0, 1, 6)",0.002129752406436674
"(3, 0, 3)","(1, 0, 1, 12)",0.10232344640960249
"(4, 0, 2)","(1, 1, 1, 12)",0.3275125346731897
"(0, 0, 3)","(1, 1, 1, 12)",0.7744990000502232
"(4, 0, 0)","(1, 1, 0, 12)",1.148584544533773
