order,MSE
"(1, 1, 0)",13145.008435486725
"(1, 0, 2)",59313.71262688963
"(0, 0, 0)",59908.08210090197
"(0, 0, 2)",62702.70304599775
"(3, 1, 0)",66732.5822692634
