order,seasonal_order,MSE
"(5, 0, 2)","(0, 1, 1, 6)",927290888.078202
"(3, 1, 2)","(0, 1, 1, 3)",965182478.2867405
"(1, 0, 3)","(1, 0, 1, 6)",998570161.9909378
"(1, 1, 0)","(0, 1, 1, 6)",1014347705.9662234
"(2, 1, 0)","(0, 1, 1, 6)",1020716049.7275358
