order,MSE
"(2, 1, 0)",1356457704.420238
"(3, 1, 0)",1481246421.795343
"(1, 1, 0)",1843884026.8662047
"(1, 1, 3)",2100224511.8352103
"(3, 1, 3)",2107660914.000461
