order,seasonal_order,MSE
"(1, 1, 3)","(1, 1, 0, 12)",509041733.4626776
"(0, 1, 2)","(1, 1, 0, 12)",511444842.5562193
"(1, 1, 2)","(1, 1, 0, 12)",518313118.9107092
"(0, 1, 1)","(1, 1, 0, 12)",530620688.37117577
"(2, 1, 3)","(1, 1, 0, 12)",565777521.479312
