order,seasonal_order,MSE
"(3, 0, 0)","(1, 0, 1, 12)",2400005677.0800047
"(0, 0, 5)","(1, 0, 1, 12)",2400244500.7230344
"(0, 0, 4)","(1, 0, 1, 12)",2420361399.1303587
"(2, 0, 5)","(0, 1, 1, 6)",2427530521.731337
"(2, 1, 0)","(1, 1, 1, 6)",2430470885.3399367
