order,MSE
"(2, 1, 0)",2921624753.5845838
"(3, 1, 0)",2974170757.570787
"(1, 1, 0)",3863562775.4229937
"(3, 1, 3)",5191950285.028567
"(0, 1, 0)",5840477312.87336
