order,seasonal_order,MSE
"(4, 1, 3)","(1, 1, 0, 12)",1863502594.5006628
"(2, 1, 0)","(1, 0, 0, 12)",1916912592.7307158
"(6, 1, 0)","(1, 1, 0, 12)",1919838916.1001074
"(6, 1, 0)","(0, 1, 1, 6)",1927862092.1718981
"(2, 1, 0)","(1, 1, 0, 12)",1943335968.2568457
