order,seasonal_order,MSE
"(4, 0, 6)","(0, 1, 0, 6)",2235889374.1196337
"(0, 0, 5)","(1, 0, 1, 12)",2364838101.55207
"(2, 1, 0)","(1, 1, 1, 6)",2381496324.786474
"(0, 0, 5)","(1, 1, 1, 12)",2438847747.2912545
"(0, 0, 5)","(0, 1, 1, 12)",2443101933.403466
