order,seasonal_order,MSE
"(5, 0, 0)","(1, 0, 0, 6)",4946.906904395633
"(6, 0, 4)","(1, 0, 0, 12)",17013.34699899913
"(2, 0, 0)","(0, 0, 1, 3)",49836.1733615915
"(6, 1, 2)","(0, 0, 1, 3)",54814.59656417136
"(2, 1, 5)","(1, 0, 0, 6)",54889.80852098794
