order,MSE
"(3, 1, 0)",8860912146.377422
"(2, 1, 0)",9242118339.634333
"(1, 1, 2)",12709154484.156288
"(0, 1, 1)",12757560562.714437
"(1, 1, 0)",12802604745.65046
