order,seasonal_order,MSE
"(3, 0, 4)","(1, 0, 1, 6)",1996713271.543148
"(5, 0, 5)","(1, 0, 1, 6)",2143219570.9666522
"(3, 0, 3)","(1, 0, 1, 6)",2179130785.108508
"(4, 0, 3)","(1, 0, 1, 6)",2348580208.458638
"(4, 0, 7)","(1, 1, 0, 6)",2667925244.6547184
