{
    "lr": 0.00421311740973548,
    "hidden_size": 128,
    "dropout": 0.34571441137688197,
    "wd": 9.711504228685185e-06,
    "num_layers": 2,
    "batch_size": 64,
    "seq_len": 20,
    "factor": 0.5858745396957438,
    "patience": 15
}