{
    "lr": 0.002936867257623446,
    "hidden_size": 256,
    "dropout": 0.4831330826681639,
    "wd": 0.0009151427519270983,
    "num_layers": 3,
    "batch_size": 64,
    "seq_len": 10,
    "factor": 0.5715963453047145,
    "patience": 10
}