order,MSE
"(3, 0, 3)",41114729.55971302
"(2, 1, 3)",43654391.977089055
"(0, 0, 3)",43779539.3824578
"(2, 0, 3)",44409943.65807837
"(1, 0, 0)",44669698.91194667
