order,seasonal_order,MSE
"(4, 1, 1)","(0, 1, 1, 6)",221511595.74289322
"(5, 1, 2)","(1, 0, 1, 6)",222661940.8762737
"(5, 1, 1)","(0, 1, 1, 6)",232993432.95456323
"(5, 1, 0)","(0, 1, 1, 6)",237828517.87808108
"(4, 1, 2)","(0, 1, 1, 6)",241861562.42578197
