order,seasonal_order,MSE
"(0, 0, 5)","(0, 0, 0, 0)",464914101.49181926
"(0, 0, 5)","(0, 0, 0, 12)",464914101.49181926
"(0, 0, 5)","(0, 0, 0, 6)",464914101.49181926
"(0, 0, 5)","(0, 0, 0, 3)",464914101.49181926
"(0, 0, 4)","(0, 0, 0, 3)",478249327.2200779
