order,MSE
"(2, 1, 1)",537300087.6702344
"(3, 1, 0)",542135910.9232514
"(1, 1, 3)",542906459.9085815
"(2, 1, 2)",556118695.975157
"(3, 1, 2)",567545320.241238
