order,seasonal_order,MSE
"(6, 1, 2)","(0, 0, 0, 0)",0.050897099709015244
"(6, 1, 2)","(0, 0, 0, 3)",0.050897099709015244
"(6, 1, 2)","(0, 0, 0, 6)",0.050897099709015244
"(6, 1, 2)","(0, 0, 0, 12)",0.050897099709015244
"(2, 1, 4)","(0, 0, 1, 12)",0.05892481693973679
