order,seasonal_order,MSE
"(0, 0, 0)","(0, 0, 1, 3)",22139.355733426484
"(0, 0, 0)","(0, 0, 0, 0)",10449409.807678128
"(0, 0, 0)","(0, 0, 0, 6)",10449409.807678128
"(0, 0, 0)","(0, 0, 0, 3)",10449409.807678128
"(0, 0, 0)","(0, 0, 0, 12)",10449409.807678128
