order,MSE
"(1, 1, 0)",84632.34762029652
"(2, 0, 3)",1604811.6338322642
"(3, 0, 3)",1960942.1803649564
"(3, 0, 2)",1998141.3917470952
"(3, 1, 3)",6423879.44818203
