{
    "best_loss": 58.134514236450194,
    "best_std": 26.724978333413947,
    "num_trials": 200,
    "timestamp": "2026-02-10T22:31:00.866909"
}