{
    "best_loss": 56.3650318145752,
    "best_std": 33.17706007343067,
    "num_trials": 100,
    "timestamp": "2026-02-09T19:03:45.672150"
}