order,seasonal_order,MSE
"(2, 1, 3)","(0, 1, 0, 3)",267172603.1215687
"(2, 1, 0)","(0, 1, 1, 3)",269593486.69796133
"(1, 1, 3)","(0, 1, 0, 3)",284780531.8709236
"(0, 0, 1)","(1, 0, 0, 3)",286468045.9249449
"(0, 1, 3)","(0, 1, 0, 3)",287839617.04851276
