order,seasonal_order,MSE
"(3, 0, 0)","(1, 0, 1, 6)",239384148.3475688
"(3, 0, 0)","(0, 1, 1, 6)",242206618.30155537
"(2, 1, 0)","(0, 1, 1, 3)",249514975.71414056
"(1, 0, 3)","(1, 0, 1, 6)",254011801.13797873
"(2, 1, 0)","(0, 1, 1, 6)",256713630.1089857
