order,MSE
"(0, 0, 1)",659581103.698824
"(0, 0, 0)",659832261.1392529
"(0, 0, 2)",660508566.8690512
"(1, 0, 0)",661036064.264411
"(2, 0, 0)",664603307.9927788
