order,seasonal_order,MSE
"(3, 0, 0)","(1, 0, 1, 6)",317737350.56836843
"(3, 0, 0)","(0, 1, 1, 6)",323518188.6009454
"(1, 1, 6)","(0, 1, 0, 6)",329218174.51669604
"(2, 1, 0)","(0, 1, 1, 3)",344979581.50500995
"(2, 1, 0)","(0, 1, 1, 6)",356003252.31981987
