order,MSE
"(1, 0, 1)",221137035.19706428
"(2, 0, 0)",226815052.32249117
"(2, 0, 1)",227174882.0370776
"(3, 0, 1)",227231972.06642446
"(3, 0, 0)",227238298.9035021
