order,seasonal_order,MSE
"(5, 1, 6)","(1, 0, 0, 6)",2013413490.3674536
"(4, 0, 4)","(1, 0, 1, 6)",2043269363.891189
"(0, 0, 5)","(1, 0, 1, 12)",2090394242.3790834
"(3, 0, 0)","(1, 1, 1, 6)",2093814053.5721133
"(6, 0, 2)","(0, 1, 1, 3)",2106120740.9905944
