order,seasonal_order,MSE
"(5, 1, 6)","(1, 0, 0, 6)",2045383981.4136403
"(4, 1, 5)","(1, 0, 0, 6)",2124127585.422869
"(5, 1, 6)","(1, 0, 1, 12)",2172418263.9616175
"(5, 0, 4)","(0, 1, 1, 6)",2173685163.563934
"(5, 1, 5)","(1, 0, 0, 6)",2174705451.5556026
