order,seasonal_order,MSE
"(0, 0, 1)","(0, 0, 1, 6)",26614273.114464063
"(0, 0, 1)","(0, 0, 0, 3)",27135172.035959393
"(0, 0, 1)","(0, 0, 0, 6)",27135172.035959393
"(0, 0, 1)","(0, 0, 0, 12)",27135172.035959393
"(0, 0, 1)","(0, 0, 0, 0)",27135172.035959393
