{
    "test_loss": 26.73540687561035,
    "per_label_mape": {
        "loss_Tax Revenues": 16.59183692932129,
        "loss_Non-tax Revenues": 42.409244537353516,
        "loss_Expenditures": 21.205142974853516
    },
    "timestamp": "2026-02-20T15:59:12.787085"
}