order,seasonal_order,MSE
"(0, 0, 0)","(0, 0, 0, 0)",222402532.53738722
"(0, 0, 0)","(0, 0, 0, 3)",222402532.53738722
"(0, 0, 0)","(0, 0, 0, 6)",222402532.53738722
"(0, 0, 0)","(0, 0, 0, 12)",222402532.53738722
"(0, 0, 0)","(0, 0, 1, 6)",639520616.9748999
