order,seasonal_order,MSE
"(0, 0, 0)","(0, 0, 0, 0)",154590677.87396118
"(0, 0, 0)","(0, 0, 0, 3)",154590677.87396118
"(0, 0, 0)","(0, 0, 0, 6)",154590677.87396118
"(0, 0, 0)","(0, 0, 0, 12)",154590677.87396118
"(0, 0, 0)","(0, 0, 1, 3)",345019661.2302858
