order,seasonal_order,MSE
"(0, 0, 0)","(0, 0, 0, 0)",1930706605.173853
"(0, 0, 0)","(0, 0, 0, 3)",1930706605.173853
"(0, 0, 0)","(0, 0, 0, 6)",1930706605.173853
"(0, 0, 0)","(0, 0, 0, 12)",1930706605.173853
"(0, 0, 0)","(0, 0, 1, 3)",2675685110.9882956
