order,seasonal_order,MSE
"(3, 0, 2)","(0, 1, 1, 6)",324052885.6682407
"(3, 0, 0)","(1, 0, 1, 6)",398765226.81860465
"(3, 0, 0)","(0, 1, 1, 6)",419015640.2432854
"(2, 1, 0)","(0, 1, 1, 6)",438967157.39992005
"(4, 0, 2)","(0, 1, 1, 6)",446758015.82725424
