order,seasonal_order,MSE
"(3, 0, 0)","(1, 0, 1, 6)",392878853.35423845
"(3, 0, 0)","(0, 1, 1, 6)",397748014.4063488
"(2, 1, 0)","(0, 1, 1, 6)",411848192.20458186
"(4, 1, 2)","(0, 1, 1, 6)",413350941.2924326
"(0, 1, 0)","(0, 1, 1, 6)",468147254.920158
