order,seasonal_order,MSE
"(0, 0, 1)","(0, 1, 1, 3)",275238.75992832135
"(0, 0, 1)","(1, 0, 1, 3)",275932.51870494144
"(1, 0, 0)","(0, 1, 1, 3)",277852.5824692257
"(1, 0, 1)","(0, 1, 1, 3)",278010.29551820154
"(2, 0, 0)","(0, 1, 1, 3)",278263.54169678316
