order,seasonal_order,MSE
"(0, 0, 0)","(0, 1, 1, 3)",215806.28694046717
"(0, 0, 0)","(1, 0, 1, 3)",216043.63043085756
"(6, 0, 1)","(0, 1, 0, 3)",222118.72786370062
"(6, 1, 2)","(0, 1, 0, 3)",222199.56913265586
"(0, 0, 1)","(0, 1, 1, 3)",223192.73395841065
