order,seasonal_order,MSE
"(1, 1, 5)","(0, 0, 1, 12)",17350415.39131242
"(1, 1, 5)","(1, 0, 0, 12)",17517663.691253155
"(4, 1, 2)","(0, 0, 1, 12)",17584481.00933617
"(4, 1, 2)","(1, 0, 0, 12)",17681654.25599118
"(2, 0, 5)","(1, 0, 0, 12)",17861973.921801217
