order,seasonal_order,MSE
"(6, 0, 6)","(1, 1, 1, 12)",12609586.085727293
"(6, 0, 6)","(0, 1, 1, 12)",13460489.246750578
"(6, 1, 4)","(1, 0, 1, 12)",13711903.126618782
"(3, 0, 3)","(1, 1, 1, 12)",13870195.435003176
"(0, 0, 4)","(0, 1, 1, 12)",14170376.5677516
