order,MSE
"(1, 1, 3)",127995822.46370935
"(1, 1, 1)",128094485.05027704
"(0, 1, 3)",128345330.80434735
"(1, 1, 2)",128411871.56617747
"(0, 1, 2)",128423683.73259678
