order,seasonal_order,MSE
"(3, 0, 0)","(1, 1, 1, 12)",769736924.3844423
"(3, 0, 0)","(0, 1, 1, 12)",791230097.419839
"(3, 0, 0)","(1, 0, 1, 12)",819104320.5879849
"(2, 0, 0)","(1, 1, 1, 12)",827585228.8315848
"(2, 0, 0)","(1, 0, 1, 12)",842524444.0946712
