order,MSE
"(2, 1, 0)",362789352.41142845
"(1, 1, 0)",371766106.48506904
"(3, 1, 0)",392574229.6998392
"(2, 1, 1)",520993522.5565774
"(0, 1, 3)",528149058.40968865
