order,MSE
"(1, 1, 3)",212803.16868081506
"(3, 1, 1)",213847.80686093724
"(0, 1, 1)",215298.59107317007
"(1, 1, 1)",215379.19423716815
"(0, 1, 2)",215398.07402276268
