order,seasonal_order,MSE
"(0, 0, 0)","(0, 0, 1, 6)",176333.58448790945
"(0, 0, 0)","(0, 0, 0, 0)",196967.9210833784
"(0, 0, 0)","(0, 0, 0, 6)",196967.9210833784
"(0, 0, 0)","(0, 0, 0, 3)",196967.9210833784
"(0, 0, 0)","(0, 0, 0, 12)",196967.9210833784
