order,seasonal_order,MSE
"(0, 0, 5)","(1, 0, 0, 6)",19295659.338500254
"(3, 0, 0)","(0, 1, 1, 12)",19387269.26301673
"(3, 0, 0)","(1, 0, 1, 12)",19470588.36435582
"(2, 1, 0)","(1, 1, 1, 6)",19519692.031790297
"(0, 0, 2)","(1, 0, 0, 3)",19555007.44870445
