order,seasonal_order,MSE
"(0, 0, 3)","(1, 0, 0, 12)",13124699.56949548
"(0, 0, 0)","(1, 0, 0, 12)",13126827.157563759
"(0, 0, 3)","(1, 0, 1, 12)",13466773.276750874
"(0, 0, 5)","(1, 0, 0, 12)",13646237.079631105
"(3, 0, 5)","(0, 1, 0, 12)",13844997.52332777
