order,seasonal_order,MSE
"(6, 1, 3)","(0, 0, 1, 12)",24656187.82865607
"(4, 1, 2)","(0, 0, 1, 3)",24926792.70300857
"(0, 0, 5)","(1, 0, 1, 12)",25477681.124654226
"(0, 0, 5)","(0, 1, 1, 12)",25678095.44178616
"(5, 1, 2)","(1, 0, 1, 12)",25808560.957793843
