order,seasonal_order,MSE
"(0, 1, 2)","(0, 1, 0, 3)",239198.39391361058
"(1, 1, 2)","(0, 1, 0, 3)",239314.7109441736
"(0, 0, 1)","(0, 1, 0, 3)",241929.49926955908
"(2, 1, 1)","(0, 1, 0, 3)",242072.2459544014
"(2, 0, 0)","(0, 1, 0, 3)",245748.82820786722
