order,MSE
"(2, 1, 0)",433360.4485373343
"(3, 1, 2)",499896.84339059255
"(2, 1, 2)",500517.33526445006
"(3, 1, 0)",505754.55019571097
"(1, 1, 3)",509373.75903316913
