order,seasonal_order,MSE
"(2, 1, 0)","(0, 1, 0, 3)",284815.6904255031
"(1, 1, 2)","(0, 1, 0, 3)",288875.248844553
"(1, 0, 1)","(0, 1, 0, 3)",292373.1541783789
"(2, 1, 1)","(0, 1, 0, 3)",293425.3548837035
"(1, 1, 1)","(0, 1, 0, 3)",294077.0431901395
