{
    "best_loss": 60.58672828674317,
    "best_std": 26.39395882659518,
    "num_trials": 100,
    "timestamp": "2026-02-09T17:44:37.264810"
}