Data Source,World Development Indicators,,,,,,,,,,,,,,,,,,,,,,,,,,,,,,,,,,,,,,,,,,,,,,,,,,,,,,,,,,,,,,,,,,,
,,,,,,,,,,,,,,,,,,,,,,,,,,,,,,,,,,,,,,,,,,,,,,,,,,,,,,,,,,,,,,,,,,,,
Last Updated Date,19/12/2025,,,,,,,,,,,,,,,,,,,,,,,,,,,,,,,,,,,,,,,,,,,,,,,,,,,,,,,,,,,,,,,,,,,
,,,,,,,,,,,,,,,,,,,,,,,,,,,,,,,,,,,,,,,,,,,,,,,,,,,,,,,,,,,,,,,,,,,,
Country Name,Country Code,Indicator Name,Indicator Code,1960,1961,1962,1963,1964,1965,1966,1967,1968,1969,1970,1971,1972,1973,1974,1975,1976,1977,1978,1979,1980,1981,1982,1983,1984,1985,1986,1987,1988,1989,1990,1991,1992,1993,1994,1995,1996,1997,1998,1999,2000,2001,2002,2003,2004,2005,2006,2007,2008,2009,2010,2011,2012,2013,2014,2015,2016,2017,2018,2019,2020,2021,2022,2023,2024
Philippines,PHL,Population growth (annual %),SP.POP.GROW,,3.17829225,3.182005086,3.150003131,3.107874517,3.057058505,2.994839693,2.943272892,2.895240349,2.828595629,2.588637097,2.354836522,2.284027835,2.222274919,2.16094703,2.272702663,2.533264139,2.66426933,2.684785381,2.66694787,2.607688106,2.605007697,2.767930951,2.913819199,2.892100016,2.729811687,2.56065402,2.634969699,2.683116524,2.522701735,2.561221128,2.401278593,2.369683847,2.404634252,2.180490577,2.188242116,2.303641802,2.352715159,2.514783275,2.556057211,2.379265889,2.206045319,2.027669856,1.982113551,1.943267567,1.859412172,1.682083808,1.734634073,1.767334664,1.801550616,2.047954252,1.964738525,1.942262379,1.879715797,1.642832838,1.478753843,1.341907095,1.288301867,1.236860333,1.216155346,1.145514086,0.905660311,0.760479216,0.810000999,0.825602489
