{
    "test_loss": 23.793542861938477,
    "per_label_mape": {
        "loss_Tax Revenues": 13.61255931854248,
        "loss_Non-tax Revenues": 41.580177307128906,
        "loss_Expenditures": 16.187889099121094
    },
    "timestamp": "2026-02-20T15:57:44.255017"
}