order,MSE
"(3, 0, 2)",10947990126.44961
"(0, 0, 0)",11064495403.455534
"(3, 0, 1)",11759479037.98823
"(1, 0, 0)",11878382850.821802
"(2, 0, 1)",11907928286.518793
