order,MSE
"(3, 1, 0)",649897653.257884
"(2, 1, 0)",699618377.9331391
"(1, 1, 0)",1140097319.5860105
"(0, 1, 0)",1371214973.4329176
"(1, 1, 2)",2131877025.913664
