order,seasonal_order,MSE
"(0, 1, 3)","(0, 1, 0, 3)",280513025.1610365
"(2, 1, 3)","(0, 1, 0, 3)",299387949.20636827
"(2, 1, 0)","(0, 1, 1, 3)",309228273.7969664
"(0, 0, 1)","(1, 0, 0, 3)",315762624.86820686
"(0, 1, 0)","(0, 1, 1, 3)",322780183.39294624
