order,seasonal_order,MSE
"(3, 0, 0)","(1, 0, 1, 6)",387019417.98005337
"(3, 0, 0)","(0, 1, 1, 6)",389940854.7531671
"(3, 0, 2)","(0, 1, 0, 3)",404382093.49603593
"(2, 1, 0)","(0, 1, 1, 3)",406368526.0956025
"(3, 0, 2)","(1, 0, 1, 6)",420442565.93186677
