order,seasonal_order,MSE
"(3, 0, 2)","(0, 1, 1, 6)",300846437.55506766
"(0, 1, 0)","(0, 1, 1, 3)",310698314.6256868
"(0, 1, 0)","(1, 1, 1, 3)",312052006.7038364
"(0, 0, 4)","(0, 0, 1, 6)",318692595.6319979
"(1, 1, 0)","(0, 1, 1, 3)",331962144.33452505
