order,seasonal_order,MSE
"(2, 1, 0)","(1, 0, 0, 12)",293402699.5217154
"(3, 0, 0)","(1, 0, 0, 12)",293929393.28956676
"(3, 0, 0)","(0, 0, 1, 12)",294709156.1855918
"(4, 0, 0)","(1, 0, 0, 12)",309603951.8367618
"(2, 1, 0)","(0, 0, 1, 12)",309772346.41706055
