order,seasonal_order,MSE
"(4, 0, 0)","(0, 1, 0, 3)",248099230.67980996
"(4, 0, 1)","(0, 1, 0, 3)",250032058.56317553
"(3, 0, 1)","(0, 1, 0, 3)",250157709.74223334
"(3, 0, 0)","(0, 1, 0, 3)",254149670.20070148
"(6, 0, 3)","(0, 1, 0, 3)",255068241.09588966
