{
    "2000-01-01": {
        "Tax Revenues": {
            "order": [
                3,
                0,
                0
            ],
            "seasonal_order": [
                0,
                1,
                1,
                6
            ],
            "gru_mape": 31.416833812690093,
            "gru_rmse": 104134.85241950258,
            "hybrid_mape": 17.11925792584463,
            "hybrid_rmse": 68361.12506528202
        },
        "BIR": {
            "order": [
                2,
                1,
                0
            ],
            "seasonal_order": [
                1,
                0,
                0,
                12
            ],
            "gru_mape": 25.203961744087383,
            "gru_rmse": 72187.27206308546,
            "hybrid_mape": 16.83762315932629,
            "hybrid_rmse": 53391.31688212089
        },
        "BOC": {
            "order": [
                1,
                1,
                0
            ],
            "seasonal_order": [
                0,
                0,
                1,
                12
            ],
            "gru_mape": 44.97941628287544,
            "gru_rmse": 32912.60724610415,
            "hybrid_mape": 20.678928998945743,
            "hybrid_rmse": 16685.2906052131
        },
        "Other Offices": {
            "order": [
                0,
                0,
                0
            ],
            "seasonal_order": [
                0,
                1,
                1,
                3
            ],
            "gru_mape": 26.33397170034707,
            "gru_rmse": 820.2748531850498,
            "hybrid_mape": 30.98751554473858,
            "hybrid_rmse": 753.0627722534413
        },
        "Expenditures": {
            "order": [
                2,
                0,
                1
            ],
            "seasonal_order": [
                1,
                1,
                1,
                12
            ],
            "gru_mape": 48.75282255055469,
            "gru_rmse": 235503.19366557224,
            "hybrid_mape": 12.023836397934689,
            "hybrid_rmse": 66537.91610301133
        }
    }
}