{
    "Tax Revenues": {
        "order": [
            0,
            0,
            1
        ],
        "gru_mape": 17.211936950683594,
        "gru_rmse": 77777.890625,
        "hybrid_mape": 16.09367276315331,
        "hybrid_rmse": 76623.85460279413
    },
    "Non-tax Revenues": {
        "order": [
            3,
            0,
            1
        ],
        "gru_mape": 42.13646697998047,
        "gru_rmse": 24105.349609375,
        "hybrid_mape": 41.48168194643247,
        "hybrid_rmse": 22484.344057615188
    },
    "Expenditures": {
        "order": [
            3,
            0,
            2
        ],
        "gru_mape": 26.48073387145996,
        "gru_rmse": 157863.859375,
        "hybrid_mape": 13.796616612842582,
        "hybrid_rmse": 82082.19102036968
    }
}