{
    "Tax Revenues": {
        "order": [
            1,
            0,
            3
        ],
        "seasonal_order": [
            0,
            0,
            0,
            0
        ],
        "AIC": 4179.609311007085,
        "BIC": 4199.122951575365,
        "gru_mape": 25.707504272460938,
        "hybrid_mape": 23.271615336678092,
        "hybrid_rmse": 91376.82333267163
    },
    "Non-tax Revenues": {
        "order": [
            2,
            0,
            0
        ],
        "seasonal_order": [
            0,
            0,
            0,
            0
        ],
        "AIC": 3572.0466495540777,
        "BIC": 3584.589843302279,
        "gru_mape": 55.06026840209961,
        "hybrid_mape": 55.12373908640333,
        "hybrid_rmse": 31582.364807844457
    },
    "Expenditures": {
        "order": [
            3,
            0,
            3
        ],
        "seasonal_order": [
            0,
            0,
            0,
            0
        ],
        "AIC": 4315.022593916048,
        "BIC": 4341.040781340421,
        "gru_mape": 30.14325523376465,
        "hybrid_mape": 30.091888631473868,
        "hybrid_rmse": 163120.59497051802
    }
}