order,seasonal_order,MSE
"(0, 0, 0)","(0, 0, 0, 0)",153903123.5088575
"(0, 0, 0)","(0, 0, 0, 3)",153903123.5088575
"(0, 0, 0)","(0, 0, 0, 6)",153903123.5088575
"(0, 0, 0)","(0, 0, 0, 12)",153903123.5088575
"(0, 0, 1)","(0, 0, 0, 0)",493186125.5461151
