order,seasonal_order,MSE
"(0, 0, 0)","(0, 0, 0, 0)",139001677.84633002
"(0, 0, 0)","(0, 0, 0, 3)",139001677.84633002
"(0, 0, 0)","(0, 0, 0, 6)",139001677.84633002
"(0, 0, 0)","(0, 0, 0, 12)",139001677.84633002
"(0, 0, 1)","(0, 0, 0, 12)",442828068.28491277
