order,seasonal_order,MSE
"(6, 0, 4)","(0, 0, 1, 12)",44303211.21681435
"(7, 0, 7)","(1, 1, 1, 12)",46303300.33824762
"(6, 0, 7)","(1, 1, 1, 12)",47468451.99339175
"(7, 0, 6)","(1, 1, 1, 12)",47879785.05097004
"(2, 1, 3)","(0, 1, 0, 12)",48708605.58838836
