order,MSE
"(0, 1, 0)",228836152.88160256
"(0, 0, 2)",236971278.63357532
"(0, 0, 1)",236992609.36566162
"(1, 0, 0)",237161460.36007315
"(0, 0, 0)",237465953.9607944
