order,seasonal_order,MSE
"(2, 0, 0)","(0, 0, 1, 3)",322852042.50532645
"(0, 0, 3)","(0, 0, 1, 6)",323744385.1847782
"(1, 0, 0)","(1, 0, 0, 3)",331872327.5212246
"(2, 0, 0)","(1, 0, 0, 3)",337188873.58201265
"(0, 0, 2)","(0, 0, 1, 3)",339544189.69509655
