order,seasonal_order,MSE
"(0, 0, 0)","(0, 0, 1, 3)",196168.8631991478
"(0, 0, 0)","(1, 0, 0, 3)",198614.5273322181
"(0, 0, 1)","(1, 0, 0, 3)",216854.1780642628
"(0, 0, 0)","(0, 1, 1, 3)",226727.05348010454
"(2, 0, 0)","(0, 1, 1, 3)",229016.62386262248
