order,seasonal_order,MSE
"(3, 1, 2)","(1, 1, 1, 6)",22805.297747599678
"(0, 0, 4)","(0, 0, 1, 12)",139543.5495672293
"(2, 1, 0)","(0, 1, 0, 6)",235647.5079545285
"(0, 0, 4)","(1, 0, 0, 6)",457699.91483445844
"(2, 1, 2)","(1, 1, 0, 3)",543461.4931607028
