order,MSE
"(1, 1, 0)",36983153.28823468
"(2, 1, 0)",39354793.94686111
"(3, 1, 0)",41269283.7038936
"(0, 1, 0)",47032595.858388215
"(0, 1, 1)",49880749.42023914
