order,seasonal_order,MSE
"(0, 0, 0)","(0, 0, 1, 3)",409204860.37096864
"(1, 0, 0)","(1, 0, 0, 3)",454563851.539162
"(2, 0, 0)","(0, 0, 1, 12)",462855489.57781357
"(0, 0, 0)","(1, 0, 0, 3)",478976915.5817455
"(2, 0, 0)","(0, 0, 1, 3)",485585302.3728921
