order,MSE
"(2, 0, 3)",1125192490.445815
"(1, 0, 3)",1125217959.2669442
"(3, 0, 2)",1236324058.6447163
"(3, 0, 1)",1237750631.2143216
"(0, 0, 1)",2077225135.6314983
