order,seasonal_order,MSE
"(1, 1, 0)","(1, 0, 0, 12)",16090107.265391676
"(2, 0, 0)","(0, 0, 1, 12)",16101140.280650642
"(2, 0, 0)","(1, 0, 0, 12)",16131133.146273274
"(1, 1, 0)","(0, 0, 1, 12)",16149830.908511434
"(1, 1, 0)","(0, 1, 1, 12)",16219871.912104527
