order,seasonal_order,MSE
"(0, 0, 2)","(1, 0, 0, 3)",19080244.80612854
"(0, 0, 5)","(1, 0, 0, 6)",19083775.267562523
"(2, 0, 0)","(0, 0, 0, 6)",19229006.744168214
"(2, 0, 0)","(0, 0, 0, 0)",19229006.744168214
"(2, 0, 0)","(0, 0, 0, 12)",19229006.744168214
