order,seasonal_order,MSE
"(2, 1, 0)","(1, 1, 1, 6)",633435958.8513635
"(3, 0, 0)","(1, 0, 0, 12)",653983052.5293273
"(2, 1, 0)","(1, 0, 0, 12)",691363735.56951
"(3, 0, 0)","(1, 1, 1, 6)",705209534.9010496
"(6, 0, 2)","(0, 1, 1, 6)",712084555.3987005
