{
    "best_loss": 33.63952102661133,
    "best_std": 15.799205024818038,
    "num_trials": 100,
    "timestamp": "2026-02-10T23:16:45.119375"
}